{
  "HTTP Request-1" : {
    "transaction" : "HTTP Request-1",
    "sampleCount" : 210,
    "errorCount" : 0,
    "errorPct" : 0.0,
    "meanResTime" : 4663.9285714285725,
    "medianResTime" : 2860.0,
    "minResTime" : 193.0,
    "maxResTime" : 56703.0,
    "pct1ResTime" : 8566.500000000002,
    "pct2ResTime" : 17188.199999999997,
    "pct3ResTime" : 30853.009999999977,
    "throughput" : 3.482702577199907,
    "receivedKBytesPerSec" : 1787.4605766619538,
    "sentKBytesPerSec" : 0.4149313617367077
  },
  "Total" : {
    "transaction" : "Total",
    "sampleCount" : 630,
    "errorCount" : 0,
    "errorPct" : 0.0,
    "meanResTime" : 3734.24761904762,
    "medianResTime" : 1883.0,
    "minResTime" : 62.0,
    "maxResTime" : 57143.0,
    "pct1ResTime" : 8660.299999999997,
    "pct2ResTime" : 14155.44999999999,
    "pct3ResTime" : 29640.67999999998,
    "throughput" : 10.383531389580208,
    "receivedKBytesPerSec" : 3558.7468182408156,
    "sentKBytesPerSec" : 1.6224267796219076
  },
  "HTTP Request-0" : {
    "transaction" : "HTTP Request-0",
    "sampleCount" : 210,
    "errorCount" : 0,
    "errorPct" : 0.0,
    "meanResTime" : 937.3714285714296,
    "medianResTime" : 110.5,
    "minResTime" : 62.0,
    "maxResTime" : 15915.0,
    "pct1ResTime" : 1871.2000000000003,
    "pct2ResTime" : 7243.699999999975,
    "pct3ResTime" : 14217.489999999998,
    "throughput" : 3.4725093013642,
    "receivedKBytesPerSec" : 2.970235634559735,
    "sentKBytesPerSec" : 0.40015243902439024
  },
  "HTTP Request" : {
    "transaction" : "HTTP Request",
    "sampleCount" : 210,
    "errorCount" : 0,
    "errorPct" : 0.0,
    "meanResTime" : 5601.442857142858,
    "medianResTime" : 3776.5,
    "minResTime" : 258.0,
    "maxResTime" : 57143.0,
    "pct1ResTime" : 11806.900000000001,
    "pct2ResTime" : 17317.649999999998,
    "pct3ResTime" : 31272.22999999998,
    "throughput" : 3.4611771298600695,
    "receivedKBytesPerSec" : 1779.3734091204078,
    "sentKBytesPerSec" : 0.8112133898109538
  }
}